Mức lương dự đoán,Mức lương thật,% sai lech
5879381.248978554,7000000.0,16.00883930030637
3466776.788688222,5000000.0,30.66446422623556
3797624.0241066297,6000000.0,36.7062662648895
5548534.013560146,9000000.0,38.34962207155394
3253863.961736099,6000000.0,45.76893397106502
4922850.756976027,10000000.0,50.77149243023973
4709937.930023904,10000000.0,52.90062069976096
4709937.930023904,10000000.0,52.90062069976096
4709937.930023904,10000000.0,52.90062069976096
4709937.930023904,10000000.0,52.90062069976096
4709937.930023904,10000000.0,52.90062069976096
4709937.930023904,10000000.0,52.90062069976096
4709937.930023904,10000000.0,52.90062069976096
4709937.930023904,10000000.0,52.90062069976096
4709937.930023904,10000000.0,52.90062069976096
4709937.930023904,10000000.0,52.90062069976096
4709937.930023904,10000000.0,52.90062069976096
4709937.930023904,10000000.0,52.90062069976096
4709937.930023904,10000000.0,52.90062069976096
4709937.930023904,10000000.0,52.90062069976096
4709937.930023904,10000000.0,52.90062069976096
4709937.930023904,10000000.0,52.90062069976096
4709937.930023904,10000000.0,52.90062069976096
4709937.930023904,10000000.0,52.90062069976096
4709937.930023904,10000000.0,52.90062069976096
4709937.930023904,10000000.0,52.90062069976096
4709937.930023904,10000000.0,52.90062069976096
4709937.930023904,10000000.0,52.90062069976096
4709937.930023904,10000000.0,52.90062069976096
4709937.930023904,10000000.0,52.90062069976096
4709937.930023904,10000000.0,52.90062069976096
4709937.930023904,10000000.0,52.90062069976096
4709937.930023904,10000000.0,52.90062069976096
4709937.930023904,10000000.0,52.90062069976096
4709937.930023904,10000000.0,52.90062069976096
4709937.930023904,10000000.0,52.90062069976096
4709937.930023904,10000000.0,52.90062069976096
4709937.930023904,10000000.0,52.90062069976096
4709937.930023904,10000000.0,52.90062069976096
4709937.930023904,10000000.0,52.90062069976096
4709937.930023904,10000000.0,52.90062069976096
4709937.930023904,10000000.0,52.90062069976096
4709937.930023904,10000000.0,52.90062069976096
4709937.930023904,10000000.0,52.90062069976096
4709937.930023904,10000000.0,52.90062069976096
4709937.930023904,10000000.0,52.90062069976096
4709937.930023904,10000000.0,52.90062069976096
4709937.930023904,10000000.0,52.90062069976096
4709937.930023904,10000000.0,52.90062069976096
4709937.930023904,10000000.0,52.90062069976096
4709937.930023904,10000000.0,52.90062069976096
4709937.930023904,10000000.0,52.90062069976096
4709937.930023904,10000000.0,52.90062069976096
4709937.930023904,10000000.0,52.90062069976096
4709937.930023904,10000000.0,52.90062069976096
4709937.930023904,10000000.0,52.90062069976096
4709937.930023904,10000000.0,52.90062069976096
4709937.930023904,10000000.0,52.90062069976096
4709937.930023904,10000000.0,52.90062069976096
4709937.930023904,10000000.0,52.90062069976096
4709937.930023904,10000000.0,52.90062069976096
4709937.930023904,10000000.0,52.90062069976096
5040785.165442311,12000000.0,57.99345695464741
2541407.6584986984,7000000.0,63.69417630716144
2328494.8315465753,7000000.0,66.73578812076322
5135763.58392815,16000000.0,67.90147760044907
5135763.58392815,16000000.0,67.90147760044907
5135763.58392815,16000000.0,67.90147760044907
5135763.58392815,16000000.0,67.90147760044907
5135763.58392815,16000000.0,67.90147760044907
5135763.58392815,16000000.0,67.90147760044907
5135763.58392815,16000000.0,67.90147760044907
5135763.58392815,16000000.0,67.90147760044907
5135763.58392815,16000000.0,67.90147760044907
5135763.58392815,16000000.0,67.90147760044907
5135763.58392815,16000000.0,67.90147760044907
5135763.58392815,16000000.0,67.90147760044907
5135763.58392815,16000000.0,67.90147760044907
5135763.58392815,16000000.0,67.90147760044907
5135763.58392815,16000000.0,67.90147760044907
5135763.58392815,16000000.0,67.90147760044907
5135763.58392815,16000000.0,67.90147760044907
5135763.58392815,16000000.0,67.90147760044907
5135763.58392815,16000000.0,67.90147760044907
5135763.58392815,16000000.0,67.90147760044907
5135763.58392815,16000000.0,67.90147760044907
5135763.58392815,16000000.0,67.90147760044907
5135763.58392815,16000000.0,67.90147760044907
5135763.58392815,16000000.0,67.90147760044907
5135763.58392815,16000000.0,67.90147760044907
5135763.58392815,16000000.0,67.90147760044907
5135763.58392815,16000000.0,67.90147760044907
5135763.58392815,16000000.0,67.90147760044907
5135763.58392815,16000000.0,67.90147760044907
5135763.58392815,16000000.0,67.90147760044907
5135763.58392815,16000000.0,67.90147760044907
5135763.58392815,16000000.0,67.90147760044907
5135763.58392815,16000000.0,67.90147760044907
5135763.58392815,16000000.0,67.90147760044907
5135763.58392815,16000000.0,67.90147760044907
5135763.58392815,16000000.0,67.90147760044907
5135763.58392815,16000000.0,67.90147760044907
5135763.58392815,16000000.0,67.90147760044907
5135763.58392815,16000000.0,67.90147760044907
5135763.58392815,16000000.0,67.90147760044907
5135763.58392815,16000000.0,67.90147760044907
5135763.58392815,16000000.0,67.90147760044907
5135763.58392815,16000000.0,67.90147760044907
5135763.58392815,16000000.0,67.90147760044907
5135763.58392815,16000000.0,67.90147760044907
5135763.58392815,16000000.0,67.90147760044907
5135763.58392815,16000000.0,67.90147760044907
5135763.58392815,16000000.0,67.90147760044907
5135763.58392815,16000000.0,67.90147760044907
5135763.58392815,16000000.0,67.90147760044907
5135763.58392815,16000000.0,67.90147760044907
5135763.58392815,16000000.0,67.90147760044907
5135763.58392815,16000000.0,67.90147760044907
5135763.58392815,16000000.0,67.90147760044907
5135763.58392815,16000000.0,67.90147760044907
5135763.58392815,16000000.0,67.90147760044907
5135763.58392815,16000000.0,67.90147760044907
2246571.637332987,7000000.0,67.90611946667161
2246571.637332987,7000000.0,67.90611946667161
2246571.637332987,7000000.0,67.90611946667161
2246571.637332987,7000000.0,67.90611946667161
2246571.637332987,7000000.0,67.90611946667161
2246571.637332987,7000000.0,67.90611946667161
2246571.637332987,7000000.0,67.90611946667161
2246571.637332987,7000000.0,67.90611946667161
2246571.637332987,7000000.0,67.90611946667161
2246571.637332987,7000000.0,67.90611946667161
2246571.637332987,7000000.0,67.90611946667161
2246571.637332987,7000000.0,67.90611946667161
2246571.637332987,7000000.0,67.90611946667161
2246571.637332987,7000000.0,67.90611946667161
2246571.637332987,7000000.0,67.90611946667161
2246571.637332987,7000000.0,67.90611946667161
2246571.637332987,7000000.0,67.90611946667161
2246571.637332987,7000000.0,67.90611946667161
2246571.637332987,7000000.0,67.90611946667161
2246571.637332987,7000000.0,67.90611946667161
2246571.637332987,7000000.0,67.90611946667161
2246571.637332987,7000000.0,67.90611946667161
2246571.637332987,7000000.0,67.90611946667161
2246571.637332987,7000000.0,67.90611946667161
2246571.637332987,7000000.0,67.90611946667161
2246571.637332987,7000000.0,67.90611946667161
2246571.637332987,7000000.0,67.90611946667161
2246571.637332987,7000000.0,67.90611946667161
2246571.637332987,7000000.0,67.90611946667161
2246571.637332987,7000000.0,67.90611946667161
2246571.637332987,7000000.0,67.90611946667161
2246571.637332987,7000000.0,67.90611946667161
2246571.637332987,7000000.0,67.90611946667161
2246571.637332987,7000000.0,67.90611946667161
2246571.637332987,7000000.0,67.90611946667161
2246571.637332987,7000000.0,67.90611946667161
2246571.637332987,7000000.0,67.90611946667161
2246571.637332987,7000000.0,67.90611946667161
2246571.637332987,7000000.0,67.90611946667161
2246571.637332987,7000000.0,67.90611946667161
2246571.637332987,7000000.0,67.90611946667161
2246571.637332987,7000000.0,67.90611946667161
2246571.637332987,7000000.0,67.90611946667161
2246571.637332987,7000000.0,67.90611946667161
2246571.637332987,7000000.0,67.90611946667161
2246571.637332987,7000000.0,67.90611946667161
2246571.637332987,7000000.0,67.90611946667161
2246571.637332987,7000000.0,67.90611946667161
2246571.637332987,7000000.0,67.90611946667161
2246571.637332987,7000000.0,67.90611946667161
2246571.637332987,7000000.0,67.90611946667161
2246571.637332987,7000000.0,67.90611946667161
2246571.637332987,7000000.0,67.90611946667161
2246571.637332987,7000000.0,67.90611946667161
2246571.637332987,7000000.0,67.90611946667161
2069670.0246335599,7000000.0,70.4332853623777
2069670.0246335599,7000000.0,70.4332853623777
2069670.0246335599,7000000.0,70.4332853623777
2069670.0246335599,7000000.0,70.4332853623777
2069670.0246335599,7000000.0,70.4332853623777
2069670.0246335599,7000000.0,70.4332853623777
2069670.0246335599,7000000.0,70.4332853623777
2069670.0246335599,7000000.0,70.4332853623777
2069670.0246335599,7000000.0,70.4332853623777
2069670.0246335599,7000000.0,70.4332853623777
2069670.0246335599,7000000.0,70.4332853623777
2069670.0246335599,7000000.0,70.4332853623777
2069670.0246335599,7000000.0,70.4332853623777
2069670.0246335599,7000000.0,70.4332853623777
2069670.0246335599,7000000.0,70.4332853623777
2069670.0246335599,7000000.0,70.4332853623777
2069670.0246335599,7000000.0,70.4332853623777
2069670.0246335599,7000000.0,70.4332853623777
2069670.0246335599,7000000.0,70.4332853623777
2069670.0246335599,7000000.0,70.4332853623777
2069670.0246335599,7000000.0,70.4332853623777
2069670.0246335599,7000000.0,70.4332853623777
2069670.0246335599,7000000.0,70.4332853623777
2069670.0246335599,7000000.0,70.4332853623777
2069670.0246335599,7000000.0,70.4332853623777
2069670.0246335599,7000000.0,70.4332853623777
2069670.0246335599,7000000.0,70.4332853623777
2069670.0246335599,7000000.0,70.4332853623777
2069670.0246335599,7000000.0,70.4332853623777
2069670.0246335599,7000000.0,70.4332853623777
2069670.0246335599,7000000.0,70.4332853623777
2069670.0246335599,7000000.0,70.4332853623777
2069670.0246335599,7000000.0,70.4332853623777
2069670.0246335599,7000000.0,70.4332853623777
2069670.0246335599,7000000.0,70.4332853623777
2069670.0246335599,7000000.0,70.4332853623777
2069670.0246335599,7000000.0,70.4332853623777
2069670.0246335599,7000000.0,70.4332853623777
2069670.0246335599,7000000.0,70.4332853623777
2069670.0246335599,7000000.0,70.4332853623777
2069670.0246335599,7000000.0,70.4332853623777
2069670.0246335599,7000000.0,70.4332853623777
2069670.0246335599,7000000.0,70.4332853623777
2069670.0246335599,7000000.0,70.4332853623777
2069670.0246335599,7000000.0,70.4332853623777
2069670.0246335599,7000000.0,70.4332853623777
2069670.0246335599,7000000.0,70.4332853623777
2069670.0246335599,7000000.0,70.4332853623777
2069670.0246335599,7000000.0,70.4332853623777
2069670.0246335599,7000000.0,70.4332853623777
2069670.0246335599,7000000.0,70.4332853623777
2069670.0246335599,7000000.0,70.4332853623777
2069670.0246335599,7000000.0,70.4332853623777
2069670.0246335599,7000000.0,70.4332853623777
2069670.0246335599,7000000.0,70.4332853623777
2069670.0246335599,7000000.0,70.4332853623777
2069670.0246335599,7000000.0,70.4332853623777
2069670.0246335599,7000000.0,70.4332853623777
2069670.0246335599,7000000.0,70.4332853623777
2069670.0246335599,7000000.0,70.4332853623777
2069670.0246335599,7000000.0,70.4332853623777
2069670.0246335599,7000000.0,70.4332853623777
2069670.0246335599,7000000.0,70.4332853623777
2069670.0246335599,7000000.0,70.4332853623777
2069670.0246335599,7000000.0,70.4332853623777
2069670.0246335599,7000000.0,70.4332853623777
2069670.0246335599,7000000.0,70.4332853623777
2069670.0246335599,7000000.0,70.4332853623777
2069670.0246335599,7000000.0,70.4332853623777
2069670.0246335599,7000000.0,70.4332853623777
2069670.0246335599,7000000.0,70.4332853623777
2069670.0246335599,7000000.0,70.4332853623777
2069670.0246335599,7000000.0,70.4332853623777
2069670.0246335599,7000000.0,70.4332853623777
2069670.0246335599,7000000.0,70.4332853623777
2069670.0246335599,7000000.0,70.4332853623777
2069670.0246335599,7000000.0,70.4332853623777
2069670.0246335599,7000000.0,70.4332853623777
2069670.0246335599,7000000.0,70.4332853623777
2069670.0246335599,7000000.0,70.4332853623777
2069670.0246335599,7000000.0,70.4332853623777
2069670.0246335599,7000000.0,70.4332853623777
2069670.0246335599,7000000.0,70.4332853623777
2069670.0246335599,7000000.0,70.4332853623777
2069670.0246335599,7000000.0,70.4332853623777
2069670.0246335599,7000000.0,70.4332853623777
2069670.0246335599,7000000.0,70.4332853623777
2069670.0246335599,7000000.0,70.4332853623777
2069670.0246335599,7000000.0,70.4332853623777
2069670.0246335599,7000000.0,70.4332853623777
2069670.0246335599,7000000.0,70.4332853623777
2069670.0246335599,7000000.0,70.4332853623777
2069670.0246335599,7000000.0,70.4332853623777
2069670.0246335599,7000000.0,70.4332853623777
2069670.0246335599,7000000.0,70.4332853623777
2069670.0246335599,7000000.0,70.4332853623777
2069670.0246335599,7000000.0,70.4332853623777
2069670.0246335599,7000000.0,70.4332853623777
2069670.0246335599,7000000.0,70.4332853623777
2069670.0246335599,7000000.0,70.4332853623777
2069670.0246335599,7000000.0,70.4332853623777
2069670.0246335599,7000000.0,70.4332853623777
2069670.0246335599,7000000.0,70.4332853623777
2069670.0246335599,7000000.0,70.4332853623777
2069670.0246335599,7000000.0,70.4332853623777
2069670.0246335599,7000000.0,70.4332853623777
2069670.0246335599,7000000.0,70.4332853623777
2069670.0246335599,7000000.0,70.4332853623777
2069670.0246335599,7000000.0,70.4332853623777
2069670.0246335599,7000000.0,70.4332853623777
2069670.0246335599,7000000.0,70.4332853623777
2069670.0246335599,7000000.0,70.4332853623777
2069670.0246335599,7000000.0,70.4332853623777
2069670.0246335599,7000000.0,70.4332853623777
2069670.0246335599,7000000.0,70.4332853623777
2069670.0246335599,7000000.0,70.4332853623777
2069670.0246335599,7000000.0,70.4332853623777
2069670.0246335599,7000000.0,70.4332853623777
2069670.0246335599,7000000.0,70.4332853623777
2069670.0246335599,7000000.0,70.4332853623777
2033658.8103808637,7000000.0,70.94773128027337
2033658.8103808637,7000000.0,70.94773128027337
2033658.8103808637,7000000.0,70.94773128027337
2033658.8103808637,7000000.0,70.94773128027337
2033658.8103808637,7000000.0,70.94773128027337
2033658.8103808637,7000000.0,70.94773128027337
2033658.8103808637,7000000.0,70.94773128027337
2033658.8103808637,7000000.0,70.94773128027337
2033658.8103808637,7000000.0,70.94773128027337
2033658.8103808637,7000000.0,70.94773128027337
2033658.8103808637,7000000.0,70.94773128027337
2033658.8103808637,7000000.0,70.94773128027337
2033658.8103808637,7000000.0,70.94773128027337
2033658.8103808637,7000000.0,70.94773128027337
2033658.8103808637,7000000.0,70.94773128027337
2033658.8103808637,7000000.0,70.94773128027337
2033658.8103808637,7000000.0,70.94773128027337
2033658.8103808637,7000000.0,70.94773128027337
2033658.8103808637,7000000.0,70.94773128027337
2033658.8103808637,7000000.0,70.94773128027337
2033658.8103808637,7000000.0,70.94773128027337
2033658.8103808637,7000000.0,70.94773128027337
2033658.8103808637,7000000.0,70.94773128027337
2033658.8103808637,7000000.0,70.94773128027337
2033658.8103808637,7000000.0,70.94773128027337
2033658.8103808637,7000000.0,70.94773128027337
2033658.8103808637,7000000.0,70.94773128027337
2033658.8103808637,7000000.0,70.94773128027337
2033658.8103808637,7000000.0,70.94773128027337
2033658.8103808637,7000000.0,70.94773128027337
2033658.8103808637,7000000.0,70.94773128027337
2033658.8103808637,7000000.0,70.94773128027337
2033658.8103808637,7000000.0,70.94773128027337
2033658.8103808637,7000000.0,70.94773128027337
2033658.8103808637,7000000.0,70.94773128027337
2033658.8103808637,7000000.0,70.94773128027337
2033658.8103808637,7000000.0,70.94773128027337
2033658.8103808637,7000000.0,70.94773128027337
2033658.8103808637,7000000.0,70.94773128027337
2033658.8103808637,7000000.0,70.94773128027337
2033658.8103808637,7000000.0,70.94773128027337
2033658.8103808637,7000000.0,70.94773128027337
2033658.8103808637,7000000.0,70.94773128027337
2033658.8103808637,7000000.0,70.94773128027337
2033658.8103808637,7000000.0,70.94773128027337
2033658.8103808637,7000000.0,70.94773128027337
2033658.8103808637,7000000.0,70.94773128027337
2033658.8103808637,7000000.0,70.94773128027337
2033658.8103808637,7000000.0,70.94773128027337
2033658.8103808637,7000000.0,70.94773128027337
2033658.8103808637,7000000.0,70.94773128027337
2033658.8103808637,7000000.0,70.94773128027337
2033658.8103808637,7000000.0,70.94773128027337
2033658.8103808637,7000000.0,70.94773128027337
2033658.8103808637,7000000.0,70.94773128027337
2033658.8103808637,7000000.0,70.94773128027337
2033658.8103808637,7000000.0,70.94773128027337
2033658.8103808637,7000000.0,70.94773128027337
2033658.8103808637,7000000.0,70.94773128027337
2033658.8103808637,7000000.0,70.94773128027337
2033658.8103808637,7000000.0,70.94773128027337
2010702.8204004175,7000000.0,71.27567399427974
2010702.8204004175,7000000.0,71.27567399427974
2010702.8204004175,7000000.0,71.27567399427974
2010702.8204004175,7000000.0,71.27567399427974
2010702.8204004175,7000000.0,71.27567399427974
2010702.8204004175,7000000.0,71.27567399427974
2010702.8204004175,7000000.0,71.27567399427974
2010702.8204004175,7000000.0,71.27567399427974
2010702.8204004175,7000000.0,71.27567399427974
2010702.8204004175,7000000.0,71.27567399427974
2010702.8204004175,7000000.0,71.27567399427974
2010702.8204004175,7000000.0,71.27567399427974
2010702.8204004175,7000000.0,71.27567399427974
2010702.8204004175,7000000.0,71.27567399427974
2010702.8204004175,7000000.0,71.27567399427974
2010702.8204004175,7000000.0,71.27567399427974
2010702.8204004175,7000000.0,71.27567399427974
2010702.8204004175,7000000.0,71.27567399427974
2010702.8204004175,7000000.0,71.27567399427974
2010702.8204004175,7000000.0,71.27567399427974
2010702.8204004175,7000000.0,71.27567399427974
2010702.8204004175,7000000.0,71.27567399427974
2010702.8204004175,7000000.0,71.27567399427974
2010702.8204004175,7000000.0,71.27567399427974
2010702.8204004175,7000000.0,71.27567399427974
2010702.8204004175,7000000.0,71.27567399427974
2010702.8204004175,7000000.0,71.27567399427974
2010702.8204004175,7000000.0,71.27567399427974
2010702.8204004175,7000000.0,71.27567399427974
2010702.8204004175,7000000.0,71.27567399427974
2010702.8204004175,7000000.0,71.27567399427974
2010702.8204004175,7000000.0,71.27567399427974
2010702.8204004175,7000000.0,71.27567399427974
2010702.8204004175,7000000.0,71.27567399427974
2010702.8204004175,7000000.0,71.27567399427974
2010702.8204004175,7000000.0,71.27567399427974
2010702.8204004175,7000000.0,71.27567399427974
2010702.8204004175,7000000.0,71.27567399427974
2010702.8204004175,7000000.0,71.27567399427974
2010702.8204004175,7000000.0,71.27567399427974
2010702.8204004175,7000000.0,71.27567399427974
2010702.8204004175,7000000.0,71.27567399427974
2010702.8204004175,7000000.0,71.27567399427974
2010702.8204004175,7000000.0,71.27567399427974
2010702.8204004175,7000000.0,71.27567399427974
2010702.8204004175,7000000.0,71.27567399427974
2010702.8204004175,7000000.0,71.27567399427974
2010702.8204004175,7000000.0,71.27567399427974
2010702.8204004175,7000000.0,71.27567399427974
2010702.8204004175,7000000.0,71.27567399427974
2010702.8204004175,7000000.0,71.27567399427974
2010702.8204004175,7000000.0,71.27567399427974
2010702.8204004175,7000000.0,71.27567399427974
2010702.8204004175,7000000.0,71.27567399427974
2010702.8204004175,7000000.0,71.27567399427974
2010702.8204004175,7000000.0,71.27567399427974
2010702.8204004175,7000000.0,71.27567399427974
2010702.8204004175,7000000.0,71.27567399427974
2010702.8204004175,7000000.0,71.27567399427974
2010702.8204004175,7000000.0,71.27567399427974
2010702.8204004175,7000000.0,71.27567399427974
2010702.8204004175,7000000.0,71.27567399427974
2010702.8204004175,7000000.0,71.27567399427974
2010702.8204004175,7000000.0,71.27567399427974
2010702.8204004175,7000000.0,71.27567399427974
2010702.8204004175,7000000.0,71.27567399427974
2010702.8204004175,7000000.0,71.27567399427974
2010702.8204004175,7000000.0,71.27567399427974
2010702.8204004175,7000000.0,71.27567399427974
2010702.8204004175,7000000.0,71.27567399427974
2010702.8204004175,7000000.0,71.27567399427974
2010702.8204004175,7000000.0,71.27567399427974
2010702.8204004175,7000000.0,71.27567399427974
2010702.8204004175,7000000.0,71.27567399427974
2010702.8204004175,7000000.0,71.27567399427974
2010702.8204004175,7000000.0,71.27567399427974
2010702.8204004175,7000000.0,71.27567399427974
2010702.8204004175,7000000.0,71.27567399427974
2010702.8204004175,7000000.0,71.27567399427974
2010702.8204004175,7000000.0,71.27567399427974
2010702.8204004175,7000000.0,71.27567399427974
2010702.8204004175,7000000.0,71.27567399427974
2010702.8204004175,7000000.0,71.27567399427974
2010702.8204004175,7000000.0,71.27567399427974
2010702.8204004175,7000000.0,71.27567399427974
2010702.8204004175,7000000.0,71.27567399427974
2010702.8204004175,7000000.0,71.27567399427974
2010702.8204004175,7000000.0,71.27567399427974
2010702.8204004175,7000000.0,71.27567399427974
2010702.8204004175,7000000.0,71.27567399427974
2010702.8204004175,7000000.0,71.27567399427974
2010702.8204004175,7000000.0,71.27567399427974
2010702.8204004175,7000000.0,71.27567399427974
2010702.8204004175,7000000.0,71.27567399427974
2010702.8204004175,7000000.0,71.27567399427974
2010702.8204004175,7000000.0,71.27567399427974
2010702.8204004175,7000000.0,71.27567399427974
2010702.8204004175,7000000.0,71.27567399427974
2010702.8204004175,7000000.0,71.27567399427974
2010702.8204004175,7000000.0,71.27567399427974
2010702.8204004175,7000000.0,71.27567399427974
2010702.8204004175,7000000.0,71.27567399427974
2010702.8204004175,7000000.0,71.27567399427974
2010702.8204004175,7000000.0,71.27567399427974
2010702.8204004175,7000000.0,71.27567399427974
2010702.8204004175,7000000.0,71.27567399427974
2010702.8204004175,7000000.0,71.27567399427974
2010702.8204004175,7000000.0,71.27567399427974
2010702.8204004175,7000000.0,71.27567399427974
2010702.8204004175,7000000.0,71.27567399427974
2010702.8204004175,7000000.0,71.27567399427974
2010702.8204004175,7000000.0,71.27567399427974
2010702.8204004175,7000000.0,71.27567399427974
2010702.8204004175,7000000.0,71.27567399427974
2010702.8204004175,7000000.0,71.27567399427974
2010702.8204004175,7000000.0,71.27567399427974
2010702.8204004175,7000000.0,71.27567399427974
2010702.8204004175,7000000.0,71.27567399427974
2010702.8204004175,7000000.0,71.27567399427974
2010702.8204004175,7000000.0,71.27567399427974
2010702.8204004175,7000000.0,71.27567399427974
2010702.8204004175,7000000.0,71.27567399427974
2010702.8204004175,7000000.0,71.27567399427974
2010702.8204004175,7000000.0,71.27567399427974
2010702.8204004175,7000000.0,71.27567399427974
2010702.8204004175,7000000.0,71.27567399427974
2010702.8204004175,7000000.0,71.27567399427974
2010702.8204004175,7000000.0,71.27567399427974
2010702.8204004175,7000000.0,71.27567399427974
2010702.8204004175,7000000.0,71.27567399427974
2010702.8204004175,7000000.0,71.27567399427974
2010702.8204004175,7000000.0,71.27567399427974
2010702.8204004175,7000000.0,71.27567399427974
2010702.8204004175,7000000.0,71.27567399427974
2010702.8204004175,7000000.0,71.27567399427974
2010702.8204004175,7000000.0,71.27567399427974
2010702.8204004175,7000000.0,71.27567399427974
2010702.8204004175,7000000.0,71.27567399427974
2010702.8204004175,7000000.0,71.27567399427974
2010702.8204004175,7000000.0,71.27567399427974
2010702.8204004175,7000000.0,71.27567399427974
2010702.8204004175,7000000.0,71.27567399427974
2010702.8204004175,7000000.0,71.27567399427974
2010702.8204004175,7000000.0,71.27567399427974
2010702.8204004175,7000000.0,71.27567399427974
2010702.8204004175,7000000.0,71.27567399427974
2010702.8204004175,7000000.0,71.27567399427974
2010702.8204004175,7000000.0,71.27567399427974
2010702.8204004175,7000000.0,71.27567399427974
2010702.8204004175,7000000.0,71.27567399427974
2010702.8204004175,7000000.0,71.27567399427974
2010702.8204004175,7000000.0,71.27567399427974
2010702.8204004175,7000000.0,71.27567399427974
2010702.8204004175,7000000.0,71.27567399427974
2010702.8204004175,7000000.0,71.27567399427974
2010702.8204004175,7000000.0,71.27567399427974
2010702.8204004175,7000000.0,71.27567399427974
2010702.8204004175,7000000.0,71.27567399427974
2010702.8204004175,7000000.0,71.27567399427974
2010702.8204004175,7000000.0,71.27567399427974
2010702.8204004175,7000000.0,71.27567399427974
2010702.8204004175,7000000.0,71.27567399427974
2010702.8204004175,7000000.0,71.27567399427974
2010702.8204004175,7000000.0,71.27567399427974
2010702.8204004175,7000000.0,71.27567399427974
2010702.8204004175,7000000.0,71.27567399427974
2010702.8204004175,7000000.0,71.27567399427974
2010702.8204004175,7000000.0,71.27567399427974
2010702.8204004175,7000000.0,71.27567399427974
2010702.8204004175,7000000.0,71.27567399427974
2010702.8204004175,7000000.0,71.27567399427974
2010702.8204004175,7000000.0,71.27567399427974
2010702.8204004175,7000000.0,71.27567399427974
2010702.8204004175,7000000.0,71.27567399427974
2010702.8204004175,7000000.0,71.27567399427974
2010702.8204004175,7000000.0,71.27567399427974
2010702.8204004175,7000000.0,71.27567399427974
2010702.8204004175,7000000.0,71.27567399427974
2010702.8204004175,7000000.0,71.27567399427974
2010702.8204004175,7000000.0,71.27567399427974
2010702.8204004175,7000000.0,71.27567399427974
2010702.8204004175,7000000.0,71.27567399427974
2010702.8204004175,7000000.0,71.27567399427974
2010702.8204004175,7000000.0,71.27567399427974
1915724.401914579,7000000.0,72.63250854407744
1915724.401914579,7000000.0,72.63250854407744
1915724.401914579,7000000.0,72.63250854407744
1915724.401914579,7000000.0,72.63250854407744
1915724.401914579,7000000.0,72.63250854407744
1915724.401914579,7000000.0,72.63250854407744
1915724.401914579,7000000.0,72.63250854407744
1915724.401914579,7000000.0,72.63250854407744
1915724.401914579,7000000.0,72.63250854407744
1915724.401914579,7000000.0,72.63250854407744
1915724.401914579,7000000.0,72.63250854407744
1915724.401914579,7000000.0,72.63250854407744
1915724.401914579,7000000.0,72.63250854407744
1915724.401914579,7000000.0,72.63250854407744
1915724.401914579,7000000.0,72.63250854407744
1915724.401914579,7000000.0,72.63250854407744
1915724.401914579,7000000.0,72.63250854407744
1915724.401914579,7000000.0,72.63250854407744
1915724.401914579,7000000.0,72.63250854407744
1915724.401914579,7000000.0,72.63250854407744
1915724.401914579,7000000.0,72.63250854407744
1915724.401914579,7000000.0,72.63250854407744
1915724.401914579,7000000.0,72.63250854407744
1915724.401914579,7000000.0,72.63250854407744
1915724.401914579,7000000.0,72.63250854407744
1915724.401914579,7000000.0,72.63250854407744
1915724.401914579,7000000.0,72.63250854407744
1915724.401914579,7000000.0,72.63250854407744
1915724.401914579,7000000.0,72.63250854407744
1915724.401914579,7000000.0,72.63250854407744
1915724.401914579,7000000.0,72.63250854407744
1915724.401914579,7000000.0,72.63250854407744
1915724.401914579,7000000.0,72.63250854407744
1915724.401914579,7000000.0,72.63250854407744
1915724.401914579,7000000.0,72.63250854407744
1915724.401914579,7000000.0,72.63250854407744
1915724.401914579,7000000.0,72.63250854407744
1915724.401914579,7000000.0,72.63250854407744
1915724.401914579,7000000.0,72.63250854407744
1915724.401914579,7000000.0,72.63250854407744
1915724.401914579,7000000.0,72.63250854407744
1915724.401914579,7000000.0,72.63250854407744
1915724.401914579,7000000.0,72.63250854407744
1915724.401914579,7000000.0,72.63250854407744
1915724.401914579,7000000.0,72.63250854407744
1915724.401914579,7000000.0,72.63250854407744
1915724.401914579,7000000.0,72.63250854407744
1915724.401914579,7000000.0,72.63250854407744
1915724.401914579,7000000.0,72.63250854407744
1915724.401914579,7000000.0,72.63250854407744
1915724.401914579,7000000.0,72.63250854407744
1915724.401914579,7000000.0,72.63250854407744
1915724.401914579,7000000.0,72.63250854407744
1915724.401914579,7000000.0,72.63250854407744
1915724.401914579,7000000.0,72.63250854407744
1915724.401914579,7000000.0,72.63250854407744
1915724.401914579,7000000.0,72.63250854407744
1915724.401914579,7000000.0,72.63250854407744
1915724.401914579,7000000.0,72.63250854407744
1915724.401914579,7000000.0,72.63250854407744
1856757.1976814365,7000000.0,73.47489717597948
1856757.1976814365,7000000.0,73.47489717597948
1856757.1976814365,7000000.0,73.47489717597948
1856757.1976814365,7000000.0,73.47489717597948
1856757.1976814365,7000000.0,73.47489717597948
1856757.1976814365,7000000.0,73.47489717597948
1856757.1976814365,7000000.0,73.47489717597948
1856757.1976814365,7000000.0,73.47489717597948
1856757.1976814365,7000000.0,73.47489717597948
1856757.1976814365,7000000.0,73.47489717597948
1856757.1976814365,7000000.0,73.47489717597948
1856757.1976814365,7000000.0,73.47489717597948
1856757.1976814365,7000000.0,73.47489717597948
1856757.1976814365,7000000.0,73.47489717597948
1856757.1976814365,7000000.0,73.47489717597948
1856757.1976814365,7000000.0,73.47489717597948
1856757.1976814365,7000000.0,73.47489717597948
1856757.1976814365,7000000.0,73.47489717597948
1856757.1976814365,7000000.0,73.47489717597948
1856757.1976814365,7000000.0,73.47489717597948
1856757.1976814365,7000000.0,73.47489717597948
1856757.1976814365,7000000.0,73.47489717597948
1856757.1976814365,7000000.0,73.47489717597948
1856757.1976814365,7000000.0,73.47489717597948
1856757.1976814365,7000000.0,73.47489717597948
1856757.1976814365,7000000.0,73.47489717597948
1856757.1976814365,7000000.0,73.47489717597948
1856757.1976814365,7000000.0,73.47489717597948
1856757.1976814365,7000000.0,73.47489717597948
1856757.1976814365,7000000.0,73.47489717597948
1856757.1976814365,7000000.0,73.47489717597948
1856757.1976814365,7000000.0,73.47489717597948
1856757.1976814365,7000000.0,73.47489717597948
1856757.1976814365,7000000.0,73.47489717597948
1856757.1976814365,7000000.0,73.47489717597948
1856757.1976814365,7000000.0,73.47489717597948
1856757.1976814365,7000000.0,73.47489717597948
1856757.1976814365,7000000.0,73.47489717597948
1856757.1976814365,7000000.0,73.47489717597948
1856757.1976814365,7000000.0,73.47489717597948
1856757.1976814365,7000000.0,73.47489717597948
1856757.1976814365,7000000.0,73.47489717597948
1856757.1976814365,7000000.0,73.47489717597948
1856757.1976814365,7000000.0,73.47489717597948
1856757.1976814365,7000000.0,73.47489717597948
1856757.1976814365,7000000.0,73.47489717597948
1856757.1976814365,7000000.0,73.47489717597948
1856757.1976814365,7000000.0,73.47489717597948
1856757.1976814365,7000000.0,73.47489717597948
1856757.1976814365,7000000.0,73.47489717597948
1856757.1976814365,7000000.0,73.47489717597948
1856757.1976814365,7000000.0,73.47489717597948
1856757.1976814365,7000000.0,73.47489717597948
1856757.1976814365,7000000.0,73.47489717597948
1856757.1976814365,7000000.0,73.47489717597948
1856757.1976814365,7000000.0,73.47489717597948
1856757.1976814365,7000000.0,73.47489717597948
1856757.1976814365,7000000.0,73.47489717597948
1856757.1976814365,7000000.0,73.47489717597948
1856757.1976814365,7000000.0,73.47489717597948
1856757.1976814365,7000000.0,73.47489717597948
1856757.1976814365,7000000.0,73.47489717597948
1856757.1976814365,7000000.0,73.47489717597948
1856757.1976814365,7000000.0,73.47489717597948
1856757.1976814365,7000000.0,73.47489717597948
1856757.1976814365,7000000.0,73.47489717597948
1856757.1976814365,7000000.0,73.47489717597948
1856757.1976814365,7000000.0,73.47489717597948
1856757.1976814365,7000000.0,73.47489717597948
1856757.1976814365,7000000.0,73.47489717597948
1856757.1976814365,7000000.0,73.47489717597948
1856757.1976814365,7000000.0,73.47489717597948
1856757.1976814365,7000000.0,73.47489717597948
1856757.1976814365,7000000.0,73.47489717597948
1856757.1976814365,7000000.0,73.47489717597948
1856757.1976814365,7000000.0,73.47489717597948
1856757.1976814365,7000000.0,73.47489717597948
1856757.1976814365,7000000.0,73.47489717597948
1856757.1976814365,7000000.0,73.47489717597948
1856757.1976814365,7000000.0,73.47489717597948
1856757.1976814365,7000000.0,73.47489717597948
1856757.1976814365,7000000.0,73.47489717597948
1856757.1976814365,7000000.0,73.47489717597948
1856757.1976814365,7000000.0,73.47489717597948
1856757.1976814365,7000000.0,73.47489717597948
1856757.1976814365,7000000.0,73.47489717597948
1856757.1976814365,7000000.0,73.47489717597948
1856757.1976814365,7000000.0,73.47489717597948
1856757.1976814365,7000000.0,73.47489717597948
1856757.1976814365,7000000.0,73.47489717597948
1856757.1976814365,7000000.0,73.47489717597948
1856757.1976814365,7000000.0,73.47489717597948
1856757.1976814365,7000000.0,73.47489717597948
1856757.1976814365,7000000.0,73.47489717597948
1856757.1976814365,7000000.0,73.47489717597948
1856757.1976814365,7000000.0,73.47489717597948
1856757.1976814365,7000000.0,73.47489717597948
1856757.1976814365,7000000.0,73.47489717597948
1856757.1976814365,7000000.0,73.47489717597948
1856757.1976814365,7000000.0,73.47489717597948
2092626.0146140058,8000000.0,73.84217481732493
2092626.0146140058,8000000.0,73.84217481732493
2092626.0146140058,8000000.0,73.84217481732493
2092626.0146140058,8000000.0,73.84217481732493
2092626.0146140058,8000000.0,73.84217481732493
2092626.0146140058,8000000.0,73.84217481732493
2092626.0146140058,8000000.0,73.84217481732493
2092626.0146140058,8000000.0,73.84217481732493
2092626.0146140058,8000000.0,73.84217481732493
2092626.0146140058,8000000.0,73.84217481732493
2092626.0146140058,8000000.0,73.84217481732493
2092626.0146140058,8000000.0,73.84217481732493
2092626.0146140058,8000000.0,73.84217481732493
2092626.0146140058,8000000.0,73.84217481732493
2092626.0146140058,8000000.0,73.84217481732493
2092626.0146140058,8000000.0,73.84217481732493
2092626.0146140058,8000000.0,73.84217481732493
2092626.0146140058,8000000.0,73.84217481732493
2092626.0146140058,8000000.0,73.84217481732493
2092626.0146140058,8000000.0,73.84217481732493
2092626.0146140058,8000000.0,73.84217481732493
2092626.0146140058,8000000.0,73.84217481732493
2092626.0146140058,8000000.0,73.84217481732493
2092626.0146140058,8000000.0,73.84217481732493
2092626.0146140058,8000000.0,73.84217481732493
2092626.0146140058,8000000.0,73.84217481732493
2092626.0146140058,8000000.0,73.84217481732493
2092626.0146140058,8000000.0,73.84217481732493
2092626.0146140058,8000000.0,73.84217481732493
2092626.0146140058,8000000.0,73.84217481732493
2092626.0146140058,8000000.0,73.84217481732493
2092626.0146140058,8000000.0,73.84217481732493
2092626.0146140058,8000000.0,73.84217481732493
2092626.0146140058,8000000.0,73.84217481732493
2092626.0146140058,8000000.0,73.84217481732493
2092626.0146140058,8000000.0,73.84217481732493
2092626.0146140058,8000000.0,73.84217481732493
2092626.0146140058,8000000.0,73.84217481732493
2092626.0146140058,8000000.0,73.84217481732493
2092626.0146140058,8000000.0,73.84217481732493
2092626.0146140058,8000000.0,73.84217481732493
2092626.0146140058,8000000.0,73.84217481732493
2092626.0146140058,8000000.0,73.84217481732493
2092626.0146140058,8000000.0,73.84217481732493
2092626.0146140058,8000000.0,73.84217481732493
2092626.0146140058,8000000.0,73.84217481732493
2092626.0146140058,8000000.0,73.84217481732493
2092626.0146140058,8000000.0,73.84217481732493
2092626.0146140058,8000000.0,73.84217481732493
2092626.0146140058,8000000.0,73.84217481732493
2092626.0146140058,8000000.0,73.84217481732493
2092626.0146140058,8000000.0,73.84217481732493
2092626.0146140058,8000000.0,73.84217481732493
1797789.9934482942,7000000.0,74.3172858078815
1797789.9934482942,7000000.0,74.3172858078815
1797789.9934482942,7000000.0,74.3172858078815
1797789.9934482942,7000000.0,74.3172858078815
1797789.9934482942,7000000.0,74.3172858078815
1797789.9934482942,7000000.0,74.3172858078815
1797789.9934482942,7000000.0,74.3172858078815
1797789.9934482942,7000000.0,74.3172858078815
1797789.9934482942,7000000.0,74.3172858078815
1797789.9934482942,7000000.0,74.3172858078815
1797789.9934482942,7000000.0,74.3172858078815
1797789.9934482942,7000000.0,74.3172858078815
1797789.9934482942,7000000.0,74.3172858078815
1797789.9934482942,7000000.0,74.3172858078815
1797789.9934482942,7000000.0,74.3172858078815
1797789.9934482942,7000000.0,74.3172858078815
1797789.9934482942,7000000.0,74.3172858078815
1797789.9934482942,7000000.0,74.3172858078815
1797789.9934482942,7000000.0,74.3172858078815
1797789.9934482942,7000000.0,74.3172858078815
1797789.9934482942,7000000.0,74.3172858078815
1797789.9934482942,7000000.0,74.3172858078815
1797789.9934482942,7000000.0,74.3172858078815
1797789.9934482942,7000000.0,74.3172858078815
1797789.9934482942,7000000.0,74.3172858078815
1797789.9934482942,7000000.0,74.3172858078815
1797789.9934482942,7000000.0,74.3172858078815
1797789.9934482942,7000000.0,74.3172858078815
1797789.9934482942,7000000.0,74.3172858078815
1797789.9934482942,7000000.0,74.3172858078815
1797789.9934482942,7000000.0,74.3172858078815
1797789.9934482942,7000000.0,74.3172858078815
1797789.9934482942,7000000.0,74.3172858078815
1797789.9934482942,7000000.0,74.3172858078815
1797789.9934482942,7000000.0,74.3172858078815
1797789.9934482942,7000000.0,74.3172858078815
1797789.9934482942,7000000.0,74.3172858078815
1797789.9934482942,7000000.0,74.3172858078815
1797789.9934482942,7000000.0,74.3172858078815
1797789.9934482942,7000000.0,74.3172858078815
1797789.9934482942,7000000.0,74.3172858078815
1797789.9934482942,7000000.0,74.3172858078815
1797789.9934482942,7000000.0,74.3172858078815
1797789.9934482942,7000000.0,74.3172858078815
1797789.9934482942,7000000.0,74.3172858078815
1797789.9934482942,7000000.0,74.3172858078815
1797789.9934482942,7000000.0,74.3172858078815
1797789.9934482942,7000000.0,74.3172858078815
1797789.9934482942,7000000.0,74.3172858078815
1797789.9934482942,7000000.0,74.3172858078815
1797789.9934482942,7000000.0,74.3172858078815
1797789.9934482942,7000000.0,74.3172858078815
1797789.9934482942,7000000.0,74.3172858078815
1797789.9934482942,7000000.0,74.3172858078815
1797789.9934482942,7000000.0,74.3172858078815
1797789.9934482942,7000000.0,74.3172858078815
1797789.9934482942,7000000.0,74.3172858078815
1797789.9934482942,7000000.0,74.3172858078815
1797789.9934482942,7000000.0,74.3172858078815
1702811.574962456,7000000.0,75.6741203576792
1702811.574962456,7000000.0,75.6741203576792
1702811.574962456,7000000.0,75.6741203576792
1702811.574962456,7000000.0,75.6741203576792
1702811.574962456,7000000.0,75.6741203576792
1702811.574962456,7000000.0,75.6741203576792
1702811.574962456,7000000.0,75.6741203576792
1702811.574962456,7000000.0,75.6741203576792
1702811.574962456,7000000.0,75.6741203576792
1702811.574962456,7000000.0,75.6741203576792
1702811.574962456,7000000.0,75.6741203576792
1702811.574962456,7000000.0,75.6741203576792
1702811.574962456,7000000.0,75.6741203576792
1702811.574962456,7000000.0,75.6741203576792
1702811.574962456,7000000.0,75.6741203576792
1702811.574962456,7000000.0,75.6741203576792
1702811.574962456,7000000.0,75.6741203576792
1702811.574962456,7000000.0,75.6741203576792
1702811.574962456,7000000.0,75.6741203576792
1702811.574962456,7000000.0,75.6741203576792
1702811.574962456,7000000.0,75.6741203576792
1702811.574962456,7000000.0,75.6741203576792
1702811.574962456,7000000.0,75.6741203576792
1702811.574962456,7000000.0,75.6741203576792
1702811.574962456,7000000.0,75.6741203576792
1702811.574962456,7000000.0,75.6741203576792
1702811.574962456,7000000.0,75.6741203576792
1702811.574962456,7000000.0,75.6741203576792
1702811.574962456,7000000.0,75.6741203576792
1702811.574962456,7000000.0,75.6741203576792
1702811.574962456,7000000.0,75.6741203576792
1702811.574962456,7000000.0,75.6741203576792
1702811.574962456,7000000.0,75.6741203576792
1702811.574962456,7000000.0,75.6741203576792
1702811.574962456,7000000.0,75.6741203576792
1702811.574962456,7000000.0,75.6741203576792
1702811.574962456,7000000.0,75.6741203576792
1702811.574962456,7000000.0,75.6741203576792
1702811.574962456,7000000.0,75.6741203576792
1702811.574962456,7000000.0,75.6741203576792
1702811.574962456,7000000.0,75.6741203576792
1702811.574962456,7000000.0,75.6741203576792
1702811.574962456,7000000.0,75.6741203576792
1702811.574962456,7000000.0,75.6741203576792
1702811.574962456,7000000.0,75.6741203576792
1702811.574962456,7000000.0,75.6741203576792
1702811.574962456,7000000.0,75.6741203576792
1702811.574962456,7000000.0,75.6741203576792
1702811.574962456,7000000.0,75.6741203576792
1702811.574962456,7000000.0,75.6741203576792
1702811.574962456,7000000.0,75.6741203576792
1702811.574962456,7000000.0,75.6741203576792
1702811.574962456,7000000.0,75.6741203576792
1702811.574962456,7000000.0,75.6741203576792
1702811.574962456,7000000.0,75.6741203576792
1702811.574962456,7000000.0,75.6741203576792
1702811.574962456,7000000.0,75.6741203576792
1702811.574962456,7000000.0,75.6741203576792
1702811.574962456,7000000.0,75.6741203576792
1702811.574962456,7000000.0,75.6741203576792
1702811.574962456,7000000.0,75.6741203576792
1702811.574962456,7000000.0,75.6741203576792
1915724.401914579,8000000.0,76.05344497606777
1430931.5437771904,6000000.0,76.15114093704683
1643844.3707293135,7000000.0,76.51650898958124
1643844.3707293135,7000000.0,76.51650898958124
1643844.3707293135,7000000.0,76.51650898958124
1643844.3707293135,7000000.0,76.51650898958124
1643844.3707293135,7000000.0,76.51650898958124
1643844.3707293135,7000000.0,76.51650898958124
1643844.3707293135,7000000.0,76.51650898958124
1643844.3707293135,7000000.0,76.51650898958124
1643844.3707293135,7000000.0,76.51650898958124
1643844.3707293135,7000000.0,76.51650898958124
1643844.3707293135,7000000.0,76.51650898958124
1643844.3707293135,7000000.0,76.51650898958124
1643844.3707293135,7000000.0,76.51650898958124
1643844.3707293135,7000000.0,76.51650898958124
1643844.3707293135,7000000.0,76.51650898958124
1643844.3707293135,7000000.0,76.51650898958124
1643844.3707293135,7000000.0,76.51650898958124
1643844.3707293135,7000000.0,76.51650898958124
1643844.3707293135,7000000.0,76.51650898958124
1643844.3707293135,7000000.0,76.51650898958124
1643844.3707293135,7000000.0,76.51650898958124
1643844.3707293135,7000000.0,76.51650898958124
1643844.3707293135,7000000.0,76.51650898958124
1643844.3707293135,7000000.0,76.51650898958124
1643844.3707293135,7000000.0,76.51650898958124
1643844.3707293135,7000000.0,76.51650898958124
1643844.3707293135,7000000.0,76.51650898958124
1643844.3707293135,7000000.0,76.51650898958124
1643844.3707293135,7000000.0,76.51650898958124
1643844.3707293135,7000000.0,76.51650898958124
1643844.3707293135,7000000.0,76.51650898958124
1643844.3707293135,7000000.0,76.51650898958124
1643844.3707293135,7000000.0,76.51650898958124
1643844.3707293135,7000000.0,76.51650898958124
1643844.3707293135,7000000.0,76.51650898958124
1643844.3707293135,7000000.0,76.51650898958124
1643844.3707293135,7000000.0,76.51650898958124
1643844.3707293135,7000000.0,76.51650898958124
1643844.3707293135,7000000.0,76.51650898958124
1643844.3707293135,7000000.0,76.51650898958124
1643844.3707293135,7000000.0,76.51650898958124
1643844.3707293135,7000000.0,76.51650898958124
1643844.3707293135,7000000.0,76.51650898958124
1643844.3707293135,7000000.0,76.51650898958124
1643844.3707293135,7000000.0,76.51650898958124
1643844.3707293135,7000000.0,76.51650898958124
1643844.3707293135,7000000.0,76.51650898958124
1643844.3707293135,7000000.0,76.51650898958124
1643844.3707293135,7000000.0,76.51650898958124
1643844.3707293135,7000000.0,76.51650898958124
1643844.3707293135,7000000.0,76.51650898958124
1643844.3707293135,7000000.0,76.51650898958124
1643844.3707293135,7000000.0,76.51650898958124
1643844.3707293135,7000000.0,76.51650898958124
1643844.3707293135,7000000.0,76.51650898958124
1643844.3707293135,7000000.0,76.51650898958124
1643844.3707293135,7000000.0,76.51650898958124
1643844.3707293135,7000000.0,76.51650898958124
1643844.3707293135,7000000.0,76.51650898958124
1643844.3707293135,7000000.0,76.51650898958124
1643844.3707293135,7000000.0,76.51650898958124
1643844.3707293135,7000000.0,76.51650898958124
1643844.3707293135,7000000.0,76.51650898958124
1643844.3707293135,7000000.0,76.51650898958124
1643844.3707293135,7000000.0,76.51650898958124
1643844.3707293135,7000000.0,76.51650898958124
1643844.3707293135,7000000.0,76.51650898958124
1643844.3707293135,7000000.0,76.51650898958124
1643844.3707293135,7000000.0,76.51650898958124
1643844.3707293135,7000000.0,76.51650898958124
1856757.1976814365,8000000.0,76.79053502898205
1856757.1976814365,8000000.0,76.79053502898205
1856757.1976814365,8000000.0,76.79053502898205
1856757.1976814365,8000000.0,76.79053502898205
1856757.1976814365,8000000.0,76.79053502898205
1856757.1976814365,8000000.0,76.79053502898205
1856757.1976814365,8000000.0,76.79053502898205
1856757.1976814365,8000000.0,76.79053502898205
1856757.1976814365,8000000.0,76.79053502898205
1856757.1976814365,8000000.0,76.79053502898205
1856757.1976814365,8000000.0,76.79053502898205
1856757.1976814365,8000000.0,76.79053502898205
1856757.1976814365,8000000.0,76.79053502898205
1856757.1976814365,8000000.0,76.79053502898205
1856757.1976814365,8000000.0,76.79053502898205
1856757.1976814365,8000000.0,76.79053502898205
1856757.1976814365,8000000.0,76.79053502898205
1856757.1976814365,8000000.0,76.79053502898205
1856757.1976814365,8000000.0,76.79053502898205
1856757.1976814365,8000000.0,76.79053502898205
1856757.1976814365,8000000.0,76.79053502898205
1856757.1976814365,8000000.0,76.79053502898205
1856757.1976814365,8000000.0,76.79053502898205
1856757.1976814365,8000000.0,76.79053502898205
1856757.1976814365,8000000.0,76.79053502898205
1856757.1976814365,8000000.0,76.79053502898205
1856757.1976814365,8000000.0,76.79053502898205
1856757.1976814365,8000000.0,76.79053502898205
1856757.1976814365,8000000.0,76.79053502898205
1856757.1976814365,8000000.0,76.79053502898205
1856757.1976814365,8000000.0,76.79053502898205
1856757.1976814365,8000000.0,76.79053502898205
1856757.1976814365,8000000.0,76.79053502898205
1856757.1976814365,8000000.0,76.79053502898205
1856757.1976814365,8000000.0,76.79053502898205
1856757.1976814365,8000000.0,76.79053502898205
1856757.1976814365,8000000.0,76.79053502898205
1856757.1976814365,8000000.0,76.79053502898205
1856757.1976814365,8000000.0,76.79053502898205
1856757.1976814365,8000000.0,76.79053502898205
1856757.1976814365,8000000.0,76.79053502898205
1856757.1976814365,8000000.0,76.79053502898205
1856757.1976814365,8000000.0,76.79053502898205
1856757.1976814365,8000000.0,76.79053502898205
1856757.1976814365,8000000.0,76.79053502898205
1856757.1976814365,8000000.0,76.79053502898205
1856757.1976814365,8000000.0,76.79053502898205
1856757.1976814365,8000000.0,76.79053502898205
1856757.1976814365,8000000.0,76.79053502898205
1856757.1976814365,8000000.0,76.79053502898205
1856757.1976814365,8000000.0,76.79053502898205
1856757.1976814365,8000000.0,76.79053502898205
1856757.1976814365,8000000.0,76.79053502898205
1856757.1976814365,8000000.0,76.79053502898205
1856757.1976814365,8000000.0,76.79053502898205
1856757.1976814365,8000000.0,76.79053502898205
1856757.1976814365,8000000.0,76.79053502898205
1856757.1976814365,8000000.0,76.79053502898205
1856757.1976814365,8000000.0,76.79053502898205
1856757.1976814365,8000000.0,76.79053502898205
1856757.1976814365,8000000.0,76.79053502898205
1856757.1976814365,8000000.0,76.79053502898205
1856757.1976814365,8000000.0,76.79053502898205
1856757.1976814365,8000000.0,76.79053502898205
1856757.1976814365,8000000.0,76.79053502898205
1856757.1976814365,8000000.0,76.79053502898205
1584877.1664961712,7000000.0,77.35889762148328
1584877.1664961712,7000000.0,77.35889762148328
1584877.1664961712,7000000.0,77.35889762148328
1584877.1664961712,7000000.0,77.35889762148328
1584877.1664961712,7000000.0,77.35889762148328
1584877.1664961712,7000000.0,77.35889762148328
1584877.1664961712,7000000.0,77.35889762148328
1584877.1664961712,7000000.0,77.35889762148328
1584877.1664961712,7000000.0,77.35889762148328
1584877.1664961712,7000000.0,77.35889762148328
1584877.1664961712,7000000.0,77.35889762148328
1584877.1664961712,7000000.0,77.35889762148328
1584877.1664961712,7000000.0,77.35889762148328
1584877.1664961712,7000000.0,77.35889762148328
1584877.1664961712,7000000.0,77.35889762148328
1584877.1664961712,7000000.0,77.35889762148328
1584877.1664961712,7000000.0,77.35889762148328
1584877.1664961712,7000000.0,77.35889762148328
1584877.1664961712,7000000.0,77.35889762148328
1584877.1664961712,7000000.0,77.35889762148328
1584877.1664961712,7000000.0,77.35889762148328
1584877.1664961712,7000000.0,77.35889762148328
1584877.1664961712,7000000.0,77.35889762148328
1584877.1664961712,7000000.0,77.35889762148328
1584877.1664961712,7000000.0,77.35889762148328
1584877.1664961712,7000000.0,77.35889762148328
1584877.1664961712,7000000.0,77.35889762148328
1584877.1664961712,7000000.0,77.35889762148328
1584877.1664961712,7000000.0,77.35889762148328
1584877.1664961712,7000000.0,77.35889762148328
1584877.1664961712,7000000.0,77.35889762148328
1584877.1664961712,7000000.0,77.35889762148328
1584877.1664961712,7000000.0,77.35889762148328
1584877.1664961712,7000000.0,77.35889762148328
1584877.1664961712,7000000.0,77.35889762148328
1584877.1664961712,7000000.0,77.35889762148328
1584877.1664961712,7000000.0,77.35889762148328
1584877.1664961712,7000000.0,77.35889762148328
1584877.1664961712,7000000.0,77.35889762148328
1584877.1664961712,7000000.0,77.35889762148328
1584877.1664961712,7000000.0,77.35889762148328
1584877.1664961712,7000000.0,77.35889762148328
1584877.1664961712,7000000.0,77.35889762148328
1584877.1664961712,7000000.0,77.35889762148328
1584877.1664961712,7000000.0,77.35889762148328
1584877.1664961712,7000000.0,77.35889762148328
1584877.1664961712,7000000.0,77.35889762148328
1584877.1664961712,7000000.0,77.35889762148328
1584877.1664961712,7000000.0,77.35889762148328
1584877.1664961712,7000000.0,77.35889762148328
1584877.1664961712,7000000.0,77.35889762148328
1584877.1664961712,7000000.0,77.35889762148328
1584877.1664961712,7000000.0,77.35889762148328
1584877.1664961712,7000000.0,77.35889762148328
1584877.1664961712,7000000.0,77.35889762148328
1584877.1664961712,7000000.0,77.35889762148328
1584877.1664961712,7000000.0,77.35889762148328
1584877.1664961712,7000000.0,77.35889762148328
1584877.1664961712,7000000.0,77.35889762148328
1584877.1664961712,7000000.0,77.35889762148328
1584877.1664961712,7000000.0,77.35889762148328
1584877.1664961712,7000000.0,77.35889762148328
1584877.1664961712,7000000.0,77.35889762148328
1584877.1664961712,7000000.0,77.35889762148328
1584877.1664961712,7000000.0,77.35889762148328
1584877.1664961712,7000000.0,77.35889762148328
1584877.1664961712,7000000.0,77.35889762148328
1584877.1664961712,7000000.0,77.35889762148328
1584877.1664961712,7000000.0,77.35889762148328
1584877.1664961712,7000000.0,77.35889762148328
1584877.1664961712,7000000.0,77.35889762148328
1584877.1664961712,7000000.0,77.35889762148328
1584877.1664961712,7000000.0,77.35889762148328
1584877.1664961712,7000000.0,77.35889762148328
1584877.1664961712,7000000.0,77.35889762148328
1584877.1664961712,7000000.0,77.35889762148328
1584877.1664961712,7000000.0,77.35889762148328
1584877.1664961712,7000000.0,77.35889762148328
1584877.1664961712,7000000.0,77.35889762148328
1584877.1664961712,7000000.0,77.35889762148328
1584877.1664961712,7000000.0,77.35889762148328
1584877.1664961712,7000000.0,77.35889762148328
1584877.1664961712,7000000.0,77.35889762148328
1584877.1664961712,7000000.0,77.35889762148328
1584877.1664961712,7000000.0,77.35889762148328
1584877.1664961712,7000000.0,77.35889762148328
1584877.1664961712,7000000.0,77.35889762148328
1584877.1664961712,7000000.0,77.35889762148328
1584877.1664961712,7000000.0,77.35889762148328
1584877.1664961712,7000000.0,77.35889762148328
1584877.1664961712,7000000.0,77.35889762148328
1584877.1664961712,7000000.0,77.35889762148328
1584877.1664961712,7000000.0,77.35889762148328
1584877.1664961712,7000000.0,77.35889762148328
1584877.1664961712,7000000.0,77.35889762148328
1584877.1664961712,7000000.0,77.35889762148328
1584877.1664961712,7000000.0,77.35889762148328
1584877.1664961712,7000000.0,77.35889762148328
1584877.1664961712,7000000.0,77.35889762148328
1584877.1664961712,7000000.0,77.35889762148328
1584877.1664961712,7000000.0,77.35889762148328
1584877.1664961712,7000000.0,77.35889762148328
1584877.1664961712,7000000.0,77.35889762148328
1584877.1664961712,7000000.0,77.35889762148328
1584877.1664961712,7000000.0,77.35889762148328
1584877.1664961712,7000000.0,77.35889762148328
1584877.1664961712,7000000.0,77.35889762148328
1584877.1664961712,7000000.0,77.35889762148328
1584877.1664961712,7000000.0,77.35889762148328
1584877.1664961712,7000000.0,77.35889762148328
1584877.1664961712,7000000.0,77.35889762148328
1584877.1664961712,7000000.0,77.35889762148328
1584877.1664961712,7000000.0,77.35889762148328
1584877.1664961712,7000000.0,77.35889762148328
1584877.1664961712,7000000.0,77.35889762148328
1584877.1664961712,7000000.0,77.35889762148328
1584877.1664961712,7000000.0,77.35889762148328
1584877.1664961712,7000000.0,77.35889762148328
1584877.1664961712,7000000.0,77.35889762148328
1584877.1664961712,7000000.0,77.35889762148328
1584877.1664961712,7000000.0,77.35889762148328
1584877.1664961712,7000000.0,77.35889762148328
1584877.1664961712,7000000.0,77.35889762148328
1584877.1664961712,7000000.0,77.35889762148328
1584877.1664961712,7000000.0,77.35889762148328
1584877.1664961712,7000000.0,77.35889762148328
1584877.1664961712,7000000.0,77.35889762148328
1584877.1664961712,7000000.0,77.35889762148328
1584877.1664961712,7000000.0,77.35889762148328
1584877.1664961712,7000000.0,77.35889762148328
1584877.1664961712,7000000.0,77.35889762148328
1584877.1664961712,7000000.0,77.35889762148328
1584877.1664961712,7000000.0,77.35889762148328
1584877.1664961712,7000000.0,77.35889762148328
1584877.1664961712,7000000.0,77.35889762148328
1584877.1664961712,7000000.0,77.35889762148328
1584877.1664961712,7000000.0,77.35889762148328
1584877.1664961712,7000000.0,77.35889762148328
1584877.1664961712,7000000.0,77.35889762148328
1584877.1664961712,7000000.0,77.35889762148328
1584877.1664961712,7000000.0,77.35889762148328
1584877.1664961712,7000000.0,77.35889762148328
1584877.1664961712,7000000.0,77.35889762148328
1584877.1664961712,7000000.0,77.35889762148328
1584877.1664961712,7000000.0,77.35889762148328
1584877.1664961712,7000000.0,77.35889762148328
1584877.1664961712,7000000.0,77.35889762148328
1584877.1664961712,7000000.0,77.35889762148328
1584877.1664961712,7000000.0,77.35889762148328
1584877.1664961712,7000000.0,77.35889762148328
1584877.1664961712,7000000.0,77.35889762148328
1584877.1664961712,7000000.0,77.35889762148328
1584877.1664961712,7000000.0,77.35889762148328
1584877.1664961712,7000000.0,77.35889762148328
1584877.1664961712,7000000.0,77.35889762148328
1584877.1664961712,7000000.0,77.35889762148328
1584877.1664961712,7000000.0,77.35889762148328
1584877.1664961712,7000000.0,77.35889762148328
1584877.1664961712,7000000.0,77.35889762148328
1584877.1664961712,7000000.0,77.35889762148328
1584877.1664961712,7000000.0,77.35889762148328
1584877.1664961712,7000000.0,77.35889762148328
1584877.1664961712,7000000.0,77.35889762148328
1584877.1664961712,7000000.0,77.35889762148328
1584877.1664961712,7000000.0,77.35889762148328
1584877.1664961712,7000000.0,77.35889762148328
1584877.1664961712,7000000.0,77.35889762148328
1584877.1664961712,7000000.0,77.35889762148328
1584877.1664961712,7000000.0,77.35889762148328
1584877.1664961712,7000000.0,77.35889762148328
1584877.1664961712,7000000.0,77.35889762148328
1584877.1664961712,7000000.0,77.35889762148328
1584877.1664961712,7000000.0,77.35889762148328
1584877.1664961712,7000000.0,77.35889762148328
1584877.1664961712,7000000.0,77.35889762148328
1584877.1664961712,7000000.0,77.35889762148328
1584877.1664961712,7000000.0,77.35889762148328
1584877.1664961712,7000000.0,77.35889762148328
1584877.1664961712,7000000.0,77.35889762148328
1584877.1664961712,7000000.0,77.35889762148328
1584877.1664961712,7000000.0,77.35889762148328
1584877.1664961712,7000000.0,77.35889762148328
1584877.1664961712,7000000.0,77.35889762148328
1584877.1664961712,7000000.0,77.35889762148328
1584877.1664961712,7000000.0,77.35889762148328
1584877.1664961712,7000000.0,77.35889762148328
1584877.1664961712,7000000.0,77.35889762148328
1584877.1664961712,7000000.0,77.35889762148328
1584877.1664961712,7000000.0,77.35889762148328
1584877.1664961712,7000000.0,77.35889762148328
1584877.1664961712,7000000.0,77.35889762148328
1584877.1664961712,7000000.0,77.35889762148328
1584877.1664961712,7000000.0,77.35889762148328
1584877.1664961712,7000000.0,77.35889762148328
1584877.1664961712,7000000.0,77.35889762148328
1584877.1664961712,7000000.0,77.35889762148328
1584877.1664961712,7000000.0,77.35889762148328
1584877.1664961712,7000000.0,77.35889762148328
1584877.1664961712,7000000.0,77.35889762148328
1584877.1664961712,7000000.0,77.35889762148328
1584877.1664961712,7000000.0,77.35889762148328
1584877.1664961712,7000000.0,77.35889762148328
1584877.1664961712,7000000.0,77.35889762148328
1584877.1664961712,7000000.0,77.35889762148328
1584877.1664961712,7000000.0,77.35889762148328
1584877.1664961712,7000000.0,77.35889762148328
1584877.1664961712,7000000.0,77.35889762148328
1584877.1664961712,7000000.0,77.35889762148328
1584877.1664961712,7000000.0,77.35889762148328
1584877.1664961712,7000000.0,77.35889762148328
1584877.1664961712,7000000.0,77.35889762148328
1584877.1664961712,7000000.0,77.35889762148328
1584877.1664961712,7000000.0,77.35889762148328
1584877.1664961712,7000000.0,77.35889762148328
1584877.1664961712,7000000.0,77.35889762148328
1584877.1664961712,7000000.0,77.35889762148328
3584711.1971545066,16000000.0,77.59555501778433
3584711.1971545066,16000000.0,77.59555501778433
3584711.1971545066,16000000.0,77.59555501778433
3584711.1971545066,16000000.0,77.59555501778433
3584711.1971545066,16000000.0,77.59555501778433
3584711.1971545066,16000000.0,77.59555501778433
3584711.1971545066,16000000.0,77.59555501778433
3584711.1971545066,16000000.0,77.59555501778433
3584711.1971545066,16000000.0,77.59555501778433
3584711.1971545066,16000000.0,77.59555501778433
3584711.1971545066,16000000.0,77.59555501778433
3584711.1971545066,16000000.0,77.59555501778433
3584711.1971545066,16000000.0,77.59555501778433
3584711.1971545066,16000000.0,77.59555501778433
3584711.1971545066,16000000.0,77.59555501778433
3584711.1971545066,16000000.0,77.59555501778433
3584711.1971545066,16000000.0,77.59555501778433
3584711.1971545066,16000000.0,77.59555501778433
3584711.1971545066,16000000.0,77.59555501778433
3584711.1971545066,16000000.0,77.59555501778433
3584711.1971545066,16000000.0,77.59555501778433
3584711.1971545066,16000000.0,77.59555501778433
3584711.1971545066,16000000.0,77.59555501778433
3584711.1971545066,16000000.0,77.59555501778433
3584711.1971545066,16000000.0,77.59555501778433
3584711.1971545066,16000000.0,77.59555501778433
3584711.1971545066,16000000.0,77.59555501778433
3584711.1971545066,16000000.0,77.59555501778433
3584711.1971545066,16000000.0,77.59555501778433
3584711.1971545066,16000000.0,77.59555501778433
3584711.1971545066,16000000.0,77.59555501778433
3584711.1971545066,16000000.0,77.59555501778433
3584711.1971545066,16000000.0,77.59555501778433
3584711.1971545066,16000000.0,77.59555501778433
3584711.1971545066,16000000.0,77.59555501778433
3584711.1971545066,16000000.0,77.59555501778433
3584711.1971545066,16000000.0,77.59555501778433
3584711.1971545066,16000000.0,77.59555501778433
3584711.1971545066,16000000.0,77.59555501778433
3584711.1971545066,16000000.0,77.59555501778433
3584711.1971545066,16000000.0,77.59555501778433
3584711.1971545066,16000000.0,77.59555501778433
3584711.1971545066,16000000.0,77.59555501778433
3584711.1971545066,16000000.0,77.59555501778433
3584711.1971545066,16000000.0,77.59555501778433
3584711.1971545066,16000000.0,77.59555501778433
3584711.1971545066,16000000.0,77.59555501778433
3584711.1971545066,16000000.0,77.59555501778433
3584711.1971545066,16000000.0,77.59555501778433
3584711.1971545066,16000000.0,77.59555501778433
3584711.1971545066,16000000.0,77.59555501778433
3584711.1971545066,16000000.0,77.59555501778433
3584711.1971545066,16000000.0,77.59555501778433
3584711.1971545066,16000000.0,77.59555501778433
3584711.1971545066,16000000.0,77.59555501778433
3584711.1971545066,16000000.0,77.59555501778433
3584711.1971545066,16000000.0,77.59555501778433
3584711.1971545066,16000000.0,77.59555501778433
5407643.615113416,25000000.0,78.36942553954634
1915724.401914579,9000000.0,78.71417331206023
2541407.6584986984,12000000.0,78.82160284584417
3131079.7008301215,16000000.0,80.43075186981174
3131079.7008301215,16000000.0,80.43075186981174
3131079.7008301215,16000000.0,80.43075186981174
3131079.7008301215,16000000.0,80.43075186981174
3131079.7008301215,16000000.0,80.43075186981174
3131079.7008301215,16000000.0,80.43075186981174
3131079.7008301215,16000000.0,80.43075186981174
3131079.7008301215,16000000.0,80.43075186981174
3131079.7008301215,16000000.0,80.43075186981174
3131079.7008301215,16000000.0,80.43075186981174
3131079.7008301215,16000000.0,80.43075186981174
3131079.7008301215,16000000.0,80.43075186981174
3131079.7008301215,16000000.0,80.43075186981174
3131079.7008301215,16000000.0,80.43075186981174
3131079.7008301215,16000000.0,80.43075186981174
3131079.7008301215,16000000.0,80.43075186981174
3131079.7008301215,16000000.0,80.43075186981174
3131079.7008301215,16000000.0,80.43075186981174
3131079.7008301215,16000000.0,80.43075186981174
3131079.7008301215,16000000.0,80.43075186981174
3131079.7008301215,16000000.0,80.43075186981174
3131079.7008301215,16000000.0,80.43075186981174
3131079.7008301215,16000000.0,80.43075186981174
3131079.7008301215,16000000.0,80.43075186981174
3131079.7008301215,16000000.0,80.43075186981174
3131079.7008301215,16000000.0,80.43075186981174
3131079.7008301215,16000000.0,80.43075186981174
3131079.7008301215,16000000.0,80.43075186981174
3131079.7008301215,16000000.0,80.43075186981174
3131079.7008301215,16000000.0,80.43075186981174
3131079.7008301215,16000000.0,80.43075186981174
3131079.7008301215,16000000.0,80.43075186981174
3131079.7008301215,16000000.0,80.43075186981174
3131079.7008301215,16000000.0,80.43075186981174
3131079.7008301215,16000000.0,80.43075186981174
3131079.7008301215,16000000.0,80.43075186981174
3131079.7008301215,16000000.0,80.43075186981174
3131079.7008301215,16000000.0,80.43075186981174
3131079.7008301215,16000000.0,80.43075186981174
3131079.7008301215,16000000.0,80.43075186981174
3131079.7008301215,16000000.0,80.43075186981174
3131079.7008301215,16000000.0,80.43075186981174
3131079.7008301215,16000000.0,80.43075186981174
3131079.7008301215,16000000.0,80.43075186981174
3131079.7008301215,16000000.0,80.43075186981174
3131079.7008301215,16000000.0,80.43075186981174
3131079.7008301215,16000000.0,80.43075186981174
3131079.7008301215,16000000.0,80.43075186981174
3131079.7008301215,16000000.0,80.43075186981174
3131079.7008301215,16000000.0,80.43075186981174
3131079.7008301215,16000000.0,80.43075186981174
3131079.7008301215,16000000.0,80.43075186981174
3131079.7008301215,16000000.0,80.43075186981174
3131079.7008301215,16000000.0,80.43075186981174
3131079.7008301215,16000000.0,80.43075186981174
3131079.7008301215,16000000.0,80.43075186981174
3131079.7008301215,16000000.0,80.43075186981174
3131079.7008301215,16000000.0,80.43075186981174
3131079.7008301215,16000000.0,80.43075186981174
3131079.7008301215,16000000.0,80.43075186981174
3371798.3702023835,20000000.0,83.14100814898808
3040951.134783976,20000000.0,84.79524432608012
1797789.9934482942,12000000.0,85.01841672126422
2246571.637332987,16000000.0,85.95892726666882
2246571.637332987,16000000.0,85.95892726666882
2246571.637332987,16000000.0,85.95892726666882
1643844.3707293135,12000000.0,86.30129691058906
3997481.6267865025,30000000.0,86.67506124404498
1974691.6061477212,16000000.0,87.65817746157674
2541407.6584986984,25000000.0,89.8343693660052
1797789.9934482942,18000000.0,90.01227781417614
1974691.6061477212,20000000.0,90.1265419692614
1915724.401914579,20000000.0,90.4213779904271
1856757.1976814365,20000000.0,90.71621401159281
2541407.6584986984,30000000.0,91.52864113833768
2541407.6584986984,30000000.0,91.52864113833768
1915724.401914579,25000000.0,92.33710239234169
3131079.7008301215,50000000.0,93.73784059833974
2541407.6584986984,50000000.0,94.9171846830026
2115582.004594452,50000000.0,95.7688359908111
2115582.004594452,50000000.0,95.7688359908111
2115582.004594452,50000000.0,95.7688359908111
2115582.004594452,50000000.0,95.7688359908111
2115582.004594452,50000000.0,95.7688359908111
2115582.004594452,50000000.0,95.7688359908111
2115582.004594452,50000000.0,95.7688359908111
2115582.004594452,50000000.0,95.7688359908111
2115582.004594452,50000000.0,95.7688359908111
2115582.004594452,50000000.0,95.7688359908111
2115582.004594452,50000000.0,95.7688359908111
2115582.004594452,50000000.0,95.7688359908111
2115582.004594452,50000000.0,95.7688359908111
2115582.004594452,50000000.0,95.7688359908111
2115582.004594452,50000000.0,95.7688359908111
2115582.004594452,50000000.0,95.7688359908111
2115582.004594452,50000000.0,95.7688359908111
2115582.004594452,50000000.0,95.7688359908111
2115582.004594452,50000000.0,95.7688359908111
2115582.004594452,50000000.0,95.7688359908111
2115582.004594452,50000000.0,95.7688359908111
2115582.004594452,50000000.0,95.7688359908111
2115582.004594452,50000000.0,95.7688359908111
2115582.004594452,50000000.0,95.7688359908111
2115582.004594452,50000000.0,95.7688359908111
2115582.004594452,50000000.0,95.7688359908111
2115582.004594452,50000000.0,95.7688359908111
2115582.004594452,50000000.0,95.7688359908111
2115582.004594452,50000000.0,95.7688359908111
2115582.004594452,50000000.0,95.7688359908111
2115582.004594452,50000000.0,95.7688359908111
2115582.004594452,50000000.0,95.7688359908111
2115582.004594452,50000000.0,95.7688359908111
2115582.004594452,50000000.0,95.7688359908111
2115582.004594452,50000000.0,95.7688359908111
2115582.004594452,50000000.0,95.7688359908111
2115582.004594452,50000000.0,95.7688359908111
2115582.004594452,50000000.0,95.7688359908111
2115582.004594452,50000000.0,95.7688359908111
2115582.004594452,50000000.0,95.7688359908111
2115582.004594452,50000000.0,95.7688359908111
2115582.004594452,50000000.0,95.7688359908111
2115582.004594452,50000000.0,95.7688359908111
1430931.5437771904,35000000.0,95.9116241606366
2010702.8204004175,50000000.0,95.97859435919916
2010702.8204004175,50000000.0,95.97859435919916
2010702.8204004175,50000000.0,95.97859435919916
2010702.8204004175,50000000.0,95.97859435919916
2010702.8204004175,50000000.0,95.97859435919916
2010702.8204004175,50000000.0,95.97859435919916
2010702.8204004175,50000000.0,95.97859435919916
2010702.8204004175,50000000.0,95.97859435919916
2010702.8204004175,50000000.0,95.97859435919916
2010702.8204004175,50000000.0,95.97859435919916
2010702.8204004175,50000000.0,95.97859435919916
2010702.8204004175,50000000.0,95.97859435919916
2010702.8204004175,50000000.0,95.97859435919916
2010702.8204004175,50000000.0,95.97859435919916
2010702.8204004175,50000000.0,95.97859435919916
2010702.8204004175,50000000.0,95.97859435919916
2010702.8204004175,50000000.0,95.97859435919916
2010702.8204004175,50000000.0,95.97859435919916
2010702.8204004175,50000000.0,95.97859435919916
2010702.8204004175,50000000.0,95.97859435919916
2010702.8204004175,50000000.0,95.97859435919916
2010702.8204004175,50000000.0,95.97859435919916
2010702.8204004175,50000000.0,95.97859435919916
2010702.8204004175,50000000.0,95.97859435919916
2010702.8204004175,50000000.0,95.97859435919916
2010702.8204004175,50000000.0,95.97859435919916
2010702.8204004175,50000000.0,95.97859435919916
2010702.8204004175,50000000.0,95.97859435919916
2010702.8204004175,50000000.0,95.97859435919916
2010702.8204004175,50000000.0,95.97859435919916
2010702.8204004175,50000000.0,95.97859435919916
2010702.8204004175,50000000.0,95.97859435919916
2010702.8204004175,50000000.0,95.97859435919916
2010702.8204004175,50000000.0,95.97859435919916
2010702.8204004175,50000000.0,95.97859435919916
2010702.8204004175,50000000.0,95.97859435919916
2010702.8204004175,50000000.0,95.97859435919916
2010702.8204004175,50000000.0,95.97859435919916
2010702.8204004175,50000000.0,95.97859435919916
2010702.8204004175,50000000.0,95.97859435919916
2010702.8204004175,50000000.0,95.97859435919916
2010702.8204004175,50000000.0,95.97859435919916
2010702.8204004175,50000000.0,95.97859435919916
2010702.8204004175,50000000.0,95.97859435919916
2010702.8204004175,50000000.0,95.97859435919916
2010702.8204004175,50000000.0,95.97859435919916
2010702.8204004175,50000000.0,95.97859435919916
2010702.8204004175,50000000.0,95.97859435919916
2010702.8204004175,50000000.0,95.97859435919916
2010702.8204004175,50000000.0,95.97859435919916
2010702.8204004175,50000000.0,95.97859435919916
2010702.8204004175,50000000.0,95.97859435919916
2010702.8204004175,50000000.0,95.97859435919916
2010702.8204004175,50000000.0,95.97859435919916
2010702.8204004175,50000000.0,95.97859435919916
2010702.8204004175,50000000.0,95.97859435919916
2010702.8204004175,50000000.0,95.97859435919916
2010702.8204004175,50000000.0,95.97859435919916
2010702.8204004175,50000000.0,95.97859435919916
2010702.8204004175,50000000.0,95.97859435919916
2010702.8204004175,50000000.0,95.97859435919916
2010702.8204004175,50000000.0,95.97859435919916
2010702.8204004175,50000000.0,95.97859435919916
2010702.8204004175,50000000.0,95.97859435919916
2010702.8204004175,50000000.0,95.97859435919916
1856757.1976814365,50000000.0,96.28648560463714
1856757.1976814365,50000000.0,96.28648560463714
1856757.1976814365,50000000.0,96.28648560463714
1856757.1976814365,50000000.0,96.28648560463714
1856757.1976814365,50000000.0,96.28648560463714
1856757.1976814365,50000000.0,96.28648560463714
1856757.1976814365,50000000.0,96.28648560463714
1856757.1976814365,50000000.0,96.28648560463714
1856757.1976814365,50000000.0,96.28648560463714
1856757.1976814365,50000000.0,96.28648560463714
1856757.1976814365,50000000.0,96.28648560463714
1856757.1976814365,50000000.0,96.28648560463714
1856757.1976814365,50000000.0,96.28648560463714
1856757.1976814365,50000000.0,96.28648560463714
1856757.1976814365,50000000.0,96.28648560463714
1856757.1976814365,50000000.0,96.28648560463714
1856757.1976814365,50000000.0,96.28648560463714
1856757.1976814365,50000000.0,96.28648560463714
1856757.1976814365,50000000.0,96.28648560463714
1856757.1976814365,50000000.0,96.28648560463714
1856757.1976814365,50000000.0,96.28648560463714
1856757.1976814365,50000000.0,96.28648560463714
1856757.1976814365,50000000.0,96.28648560463714
1856757.1976814365,50000000.0,96.28648560463714
1856757.1976814365,50000000.0,96.28648560463714
1856757.1976814365,50000000.0,96.28648560463714
1856757.1976814365,50000000.0,96.28648560463714
1856757.1976814365,50000000.0,96.28648560463714
1856757.1976814365,50000000.0,96.28648560463714
1856757.1976814365,50000000.0,96.28648560463714
1856757.1976814365,50000000.0,96.28648560463714
1856757.1976814365,50000000.0,96.28648560463714
1856757.1976814365,50000000.0,96.28648560463714
1856757.1976814365,50000000.0,96.28648560463714
1856757.1976814365,50000000.0,96.28648560463714
1856757.1976814365,50000000.0,96.28648560463714
1856757.1976814365,50000000.0,96.28648560463714
1856757.1976814365,50000000.0,96.28648560463714
1856757.1976814365,50000000.0,96.28648560463714
1856757.1976814365,50000000.0,96.28648560463714
1856757.1976814365,50000000.0,96.28648560463714
1856757.1976814365,50000000.0,96.28648560463714
1856757.1976814365,50000000.0,96.28648560463714
1856757.1976814365,50000000.0,96.28648560463714
1856757.1976814365,50000000.0,96.28648560463714
1856757.1976814365,50000000.0,96.28648560463714
1856757.1976814365,50000000.0,96.28648560463714
1856757.1976814365,50000000.0,96.28648560463714
1856757.1976814365,50000000.0,96.28648560463714
1856757.1976814365,50000000.0,96.28648560463714
1856757.1976814365,50000000.0,96.28648560463714
1856757.1976814365,50000000.0,96.28648560463714
1856757.1976814365,50000000.0,96.28648560463714
1856757.1976814365,50000000.0,96.28648560463714
1856757.1976814365,50000000.0,96.28648560463714
1856757.1976814365,50000000.0,96.28648560463714
1856757.1976814365,50000000.0,96.28648560463714
1856757.1976814365,50000000.0,96.28648560463714
1856757.1976814365,50000000.0,96.28648560463714
1856757.1976814365,50000000.0,96.28648560463714
1856757.1976814365,50000000.0,96.28648560463714
1856757.1976814365,50000000.0,96.28648560463714
1856757.1976814365,50000000.0,96.28648560463714
1856757.1976814365,50000000.0,96.28648560463714
1856757.1976814365,50000000.0,96.28648560463714
1856757.1976814365,50000000.0,96.28648560463714
1856757.1976814365,50000000.0,96.28648560463714
1856757.1976814365,50000000.0,96.28648560463714
1856757.1976814365,50000000.0,96.28648560463714
1856757.1976814365,50000000.0,96.28648560463714
1856757.1976814365,50000000.0,96.28648560463714
1856757.1976814365,50000000.0,96.28648560463714
1856757.1976814365,50000000.0,96.28648560463714
1856757.1976814365,50000000.0,96.28648560463714
1856757.1976814365,50000000.0,96.28648560463714
1430931.5437771904,50000000.0,97.13813691244562
-58020250.413600564,16000000.0,462.6265650850035
-58020250.413600564,16000000.0,462.6265650850035
-58020250.413600564,16000000.0,462.6265650850035
-58020250.413600564,16000000.0,462.6265650850035
-58020250.413600564,16000000.0,462.6265650850035
-58020250.413600564,16000000.0,462.6265650850035
-58020250.413600564,16000000.0,462.6265650850035
-58020250.413600564,16000000.0,462.6265650850035
-58020250.413600564,16000000.0,462.6265650850035
-58020250.413600564,16000000.0,462.6265650850035
-58020250.413600564,16000000.0,462.6265650850035
-58020250.413600564,16000000.0,462.6265650850035
-58020250.413600564,16000000.0,462.6265650850035
-58020250.413600564,16000000.0,462.6265650850035
-58020250.413600564,16000000.0,462.6265650850035
-58020250.413600564,16000000.0,462.6265650850035
-58020250.413600564,16000000.0,462.6265650850035
-58020250.413600564,16000000.0,462.6265650850035
-58020250.413600564,16000000.0,462.6265650850035
-58020250.413600564,16000000.0,462.6265650850035
-58020250.413600564,16000000.0,462.6265650850035
-58020250.413600564,16000000.0,462.6265650850035
-58020250.413600564,16000000.0,462.6265650850035
-58020250.413600564,16000000.0,462.6265650850035
-58020250.413600564,16000000.0,462.6265650850035
-58020250.413600564,16000000.0,462.6265650850035
-58020250.413600564,16000000.0,462.6265650850035
-58020250.413600564,16000000.0,462.6265650850035
-58020250.413600564,16000000.0,462.6265650850035
-58020250.413600564,16000000.0,462.6265650850035
-58020250.413600564,16000000.0,462.6265650850035
-58020250.413600564,16000000.0,462.6265650850035
-58020250.413600564,16000000.0,462.6265650850035
-58020250.413600564,16000000.0,462.6265650850035
-58020250.413600564,16000000.0,462.6265650850035
-58020250.413600564,16000000.0,462.6265650850035
-58020250.413600564,16000000.0,462.6265650850035
-58020250.413600564,16000000.0,462.6265650850035
-58020250.413600564,16000000.0,462.6265650850035
-58020250.413600564,16000000.0,462.6265650850035
-58020250.413600564,16000000.0,462.6265650850035
-58020250.413600564,16000000.0,462.6265650850035
-58020250.413600564,16000000.0,462.6265650850035
-58020250.413600564,16000000.0,462.6265650850035
-58020250.413600564,16000000.0,462.6265650850035
-58020250.413600564,16000000.0,462.6265650850035
-58020250.413600564,16000000.0,462.6265650850035
-58020250.413600564,16000000.0,462.6265650850035
-58020250.413600564,16000000.0,462.6265650850035
-58020250.413600564,16000000.0,462.6265650850035
-58020250.413600564,16000000.0,462.6265650850035
-58020250.413600564,16000000.0,462.6265650850035
-58020250.413600564,16000000.0,462.6265650850035
-58020250.413600564,16000000.0,462.6265650850035
-58020250.413600564,16000000.0,462.6265650850035
-58020250.413600564,16000000.0,462.6265650850035
-58020250.413600564,16000000.0,462.6265650850035
-58020250.413600564,16000000.0,462.6265650850035
-58020250.413600564,16000000.0,462.6265650850035
-58020250.413600564,16000000.0,462.6265650850035
-58020250.413600564,16000000.0,462.6265650850035
-58020250.413600564,16000000.0,462.6265650850035
-58020250.413600564,16000000.0,462.6265650850035
-58020250.413600564,16000000.0,462.6265650850035
-28116180.592930228,5000000.0,662.3236118586045
